{
  "id": "004", 
  "layout": {
    "vars": {
      "c_1": {
        "x": 39.900000000000006, 
        "y": 39.75
      }, 
      "c_10": {
        "x": 1.05, 
        "y": 27.299999999999997
      }, 
      "c_11": {
        "x": 5.1000000000000005, 
        "y": 18.6
      }, 
      "c_12": {
        "x": 3.0, 
        "y": 15.450000000000001
      }, 
      "c_13": {
        "x": 5.8500000000000005, 
        "y": 14.55
      }, 
      "c_14": {
        "x": 29.700000000000003, 
        "y": 14.850000000000001
      }, 
      "c_15": {
        "x": 27.900000000000002, 
        "y": 9.600000000000001
      }, 
      "c_16": {
        "x": 31.050000000000004, 
        "y": 4.65
      }, 
      "c_17": {
        "x": 33.0, 
        "y": 10.350000000000001
      }, 
      "c_18": {
        "x": 43.050000000000004, 
        "y": 20.400000000000002
      }, 
      "c_19": {
        "x": 42.900000000000006, 
        "y": 16.35
      }, 
      "c_2": {
        "x": 31.050000000000004, 
        "y": 40.95
      }, 
      "c_20": {
        "x": 39.300000000000004, 
        "y": 16.650000000000002
      }, 
      "c_3": {
        "x": 33.6, 
        "y": 44.85
      }, 
      "c_4": {
        "x": 28.650000000000002, 
        "y": 44.7
      }, 
      "c_5": {
        "x": 13.5, 
        "y": 34.2
      }, 
      "c_6": {
        "x": 19.5, 
        "y": 34.650000000000006
      }, 
      "c_7": {
        "x": 16.950000000000003, 
        "y": 31.650000000000002
      }, 
      "c_8": {
        "x": 4.95, 
        "y": 29.1
      }, 
      "c_9": {
        "x": 0.6000000000000001, 
        "y": 30.75
      }, 
      "var_1": {
        "x": 42.0, 
        "y": 37.95
      }, 
      "var_10": {
        "x": 28.049999999999997, 
        "y": 6.9
      }, 
      "var_11": {
        "x": 33.45, 
        "y": 7.3500000000000005
      }, 
      "var_12": {
        "x": 41.25, 
        "y": 22.35
      }, 
      "var_13": {
        "x": 41.400000000000006, 
        "y": 17.700000000000003
      }, 
      "var_2": {
        "x": 36.900000000000006, 
        "y": 37.5
      }, 
      "var_3": {
        "x": 31.200000000000003, 
        "y": 43.95
      }, 
      "var_4": {
        "x": 13.200000000000001, 
        "y": 37.2
      }, 
      "var_5": {
        "x": 16.950000000000003, 
        "y": 34.2
      }, 
      "var_6": {
        "x": 2.1, 
        "y": 29.1
      }, 
      "var_7": {
        "x": 9.15, 
        "y": 19.35
      }, 
      "var_8": {
        "x": 5.1000000000000005, 
        "y": 16.35
      }, 
      "var_9": {
        "x": 30.450000000000003, 
        "y": 11.700000000000001
      }
    }
  }, 
  "tutorial": "004"
}