{
  "id": "p_000031_00011222", 
  "layout": {
    "vars": {
      "c_106051": {
        "x": 35.196999999999996, 
        "y": 16.441
      }, 
      "c_131780": {
        "x": 85.51, 
        "y": 4.149649999999999
      }, 
      "c_131889": {
        "x": 94.785, 
        "y": 0.24305500000000002
      }, 
      "c_131962": {
        "x": 1.4915500000000002, 
        "y": 9.4945
      }, 
      "c_154225": {
        "x": 38.5035, 
        "y": 22.061
      }, 
      "c_154628": {
        "x": 39.583, 
        "y": 21.922
      }, 
      "c_159542": {
        "x": 34.589, 
        "y": 18.404
      }, 
      "c_162738": {
        "x": 33.511, 
        "y": 12.036
      }, 
      "c_190563": {
        "x": 41.501999999999995, 
        "y": 15.583
      }, 
      "c_190737": {
        "x": 35.6455, 
        "y": 15.620000000000001
      }, 
      "c_192539": {
        "x": 5.3485000000000005, 
        "y": 14.396
      }, 
      "c_192996": {
        "x": 36.56, 
        "y": 18.021
      }, 
      "c_192999": {
        "x": 35.172, 
        "y": 18.0075
      }, 
      "c_193135": {
        "x": 42.87, 
        "y": 17.938499999999998
      }, 
      "c_193155": {
        "x": 41.376999999999995, 
        "y": 17.6655
      }, 
      "c_195186": {
        "x": 18.643, 
        "y": 14.113
      }, 
      "c_196202": {
        "x": 12.123, 
        "y": 13.968
      }, 
      "c_196268": {
        "x": 0.24305500000000002, 
        "y": 12.653
      }, 
      "c_199391": {
        "x": 41.2805, 
        "y": 11.1785
      }, 
      "c_199454": {
        "x": 34.287, 
        "y": 10.9865
      }, 
      "c_202102": {
        "x": 40.6325, 
        "y": 12.3675
      }, 
      "c_202164": {
        "x": 34.2275, 
        "y": 12.6675
      }, 
      "c_211520": {
        "x": 35.0045, 
        "y": 11.3685
      }, 
      "c_222847": {
        "x": 5.5635, 
        "y": 12.770999999999999
      }, 
      "c_222998": {
        "x": 15.868, 
        "y": 14.7295
      }, 
      "c_223336": {
        "x": 88.01, 
        "y": 10.424500000000002
      }, 
      "c_224333": {
        "x": 94.36, 
        "y": 4.5588
      }, 
      "c_224338": {
        "x": 89.64, 
        "y": 15.426
      }, 
      "c_224794": {
        "x": 90.38, 
        "y": 10.248
      }, 
      "c_225095": {
        "x": 87.57, 
        "y": 5.690499999999999
      }, 
      "c_225453": {
        "x": 80.33500000000001, 
        "y": 13.5745
      }, 
      "c_225681": {
        "x": 60.614999999999995, 
        "y": 12.168000000000001
      }, 
      "c_225713": {
        "x": 86.385, 
        "y": 9.7905
      }, 
      "c_225754": {
        "x": 66.395, 
        "y": 14.109499999999999
      }, 
      "c_225758": {
        "x": 74.38, 
        "y": 16.051
      }, 
      "c_225765": {
        "x": 101.175, 
        "y": 27.353
      }, 
      "c_225851": {
        "x": 51.62, 
        "y": 14.307
      }, 
      "c_225918": {
        "x": 60.36, 
        "y": 16.2115
      }, 
      "c_226332": {
        "x": 98.78500000000001, 
        "y": 21.900499999999997
      }, 
      "c_226361": {
        "x": 92.03, 
        "y": 15.7175
      }, 
      "c_226669": {
        "x": 94.505, 
        "y": 18.431
      }, 
      "c_232019": {
        "x": 6.577, 
        "y": 16.317
      }, 
      "c_232026": {
        "x": 8.097999999999999, 
        "y": 17.4935
      }, 
      "c_232050": {
        "x": 7.946999999999999, 
        "y": 11.778500000000001
      }, 
      "c_232407": {
        "x": 36.051, 
        "y": 12.849
      }, 
      "c_232449": {
        "x": 42.289, 
        "y": 12.539499999999999
      }, 
      "c_232452": {
        "x": 38.918, 
        "y": 14.513
      }, 
      "c_232492": {
        "x": 36.3155, 
        "y": 13.721
      }, 
      "c_31908": {
        "x": 99.465, 
        "y": 19.167
      }, 
      "c_31909": {
        "x": 99.42999999999999, 
        "y": 18.0345
      }, 
      "c_32247": {
        "x": 27.753, 
        "y": 14.335500000000001
      }, 
      "c_32248": {
        "x": 27.7485, 
        "y": 15.0345
      }, 
      "var_116299": {
        "x": 36.704, 
        "y": 11.5405
      }, 
      "var_46419": {
        "x": 38.8085, 
        "y": 12.384
      }, 
      "var_46430": {
        "x": 33.662, 
        "y": 14.7115
      }, 
      "var_46435": {
        "x": 43.8055, 
        "y": 14.458
      }, 
      "var_46459": {
        "x": 9.3335, 
        "y": 14.496
      }, 
      "var_46475": {
        "x": 6.7589999999999995, 
        "y": 9.5875
      }, 
      "var_46545": {
        "x": 2.23485, 
        "y": 11.531
      }, 
      "var_46554": {
        "x": 2.0424, 
        "y": 13.994
      }, 
      "var_46559": {
        "x": 22.323, 
        "y": 14.6
      }, 
      "var_46560": {
        "x": 15.1745, 
        "y": 13.6845
      }, 
      "var_46566": {
        "x": 4.3637999999999995, 
        "y": 17.8485
      }, 
      "var_46571": {
        "x": 6.763, 
        "y": 19.746
      }, 
      "var_46814": {
        "x": 87.22, 
        "y": 13.0115
      }, 
      "var_46825": {
        "x": 61.215, 
        "y": 17.9645
      }, 
      "var_46827": {
        "x": 101.53, 
        "y": 29.3975
      }, 
      "var_46833": {
        "x": 59.22, 
        "y": 14.185
      }, 
      "var_46837": {
        "x": 61.565000000000005, 
        "y": 10.442499999999999
      }, 
      "var_46841": {
        "x": 75.085, 
        "y": 17.833000000000002
      }, 
      "var_46844": {
        "x": 73.435, 
        "y": 14.0745
      }, 
      "var_46845": {
        "x": 100.51, 
        "y": 24.791500000000003
      }, 
      "var_46849": {
        "x": 86.13, 
        "y": 6.587
      }, 
      "var_46862": {
        "x": 88.285, 
        "y": 7.7620000000000005
      }, 
      "var_46900": {
        "x": 95.25, 
        "y": 2.0895
      }, 
      "var_46901": {
        "x": 92.88, 
        "y": 7.338
      }, 
      "var_46902": {
        "x": 101.405, 
        "y": 18.5915
      }, 
      "var_46903": {
        "x": 96.58500000000001, 
        "y": 18.5415
      }, 
      "var_46904": {
        "x": 92.115, 
        "y": 17.397
      }, 
      "var_76896": {
        "x": 37.4105, 
        "y": 10.121
      }, 
      "var_86180": {
        "x": 38.0905, 
        "y": 16.206
      }, 
      "var_95872": {
        "x": 39.787, 
        "y": 19.996499999999997
      }, 
      "var_95879": {
        "x": 37.8785, 
        "y": 19.7695
      }
    }
  }, 
  "tutorial": "03"
}