{
  "id": "p_000029_00012696", 
  "layout": {
    "vars": {
      "c_12799": {
        "x": 50.96, 
        "y": 11.147
      }, 
      "c_12813": {
        "x": 11.668000000000001, 
        "y": 22.403
      }, 
      "c_12897": {
        "x": 10.547500000000001, 
        "y": 16.3635
      }, 
      "c_12908": {
        "x": 50.875, 
        "y": 16.6375
      }, 
      "c_12932": {
        "x": 16.4605, 
        "y": 21.476000000000003
      }, 
      "c_12941": {
        "x": 52.71, 
        "y": 11.631499999999999
      }, 
      "c_12976": {
        "x": 10.550999999999998, 
        "y": 13.084
      }, 
      "c_12991": {
        "x": 54.489999999999995, 
        "y": 13.784
      }, 
      "c_13024": {
        "x": 15.642499999999998, 
        "y": 12.544
      }, 
      "c_13031": {
        "x": 53.22, 
        "y": 16.585
      }, 
      "c_13896": {
        "x": 21.479499999999998, 
        "y": 18.6545
      }, 
      "c_14563": {
        "x": 11.4195, 
        "y": 18.108999999999998
      }, 
      "c_150843": {
        "x": 45.6335, 
        "y": 16.018
      }, 
      "c_162632": {
        "x": 17.09, 
        "y": 22.7155
      }, 
      "c_174429": {
        "x": 14.306000000000001, 
        "y": 5.9055
      }, 
      "c_177252": {
        "x": 8.942499999999999, 
        "y": 13.4785
      }, 
      "c_184619": {
        "x": 13.8535, 
        "y": 15.965499999999999
      }, 
      "c_186684": {
        "x": 9.8825, 
        "y": 3.6178500000000002
      }, 
      "c_191546": {
        "x": 34.2225, 
        "y": 28.8475
      }, 
      "c_191557": {
        "x": 30.621499999999997, 
        "y": 22.845499999999998
      }, 
      "c_191559": {
        "x": 34.3935, 
        "y": 18.6995
      }, 
      "c_191565": {
        "x": 42.045, 
        "y": 19.849
      }, 
      "c_200392": {
        "x": 6.7684999999999995, 
        "y": 5.5969999999999995
      }, 
      "c_205649": {
        "x": 12.222, 
        "y": 19.3145
      }, 
      "c_205743": {
        "x": 13.6935, 
        "y": 20.915
      }, 
      "c_206236": {
        "x": 8.281500000000001, 
        "y": 20.186500000000002
      }, 
      "c_210193": {
        "x": 11.023499999999999, 
        "y": 25.9745
      }, 
      "c_33313": {
        "x": 14.4545, 
        "y": 22.442
      }, 
      "c_41111": {
        "x": 11.684000000000001, 
        "y": 8.926
      }, 
      "c_66893": {
        "x": 6.9435, 
        "y": 17.979499999999998
      }, 
      "c_67090": {
        "x": 59.04, 
        "y": 12.681500000000002
      }, 
      "c_67099": {
        "x": 51.165000000000006, 
        "y": 20.6925
      }, 
      "c_67104": {
        "x": 19.663, 
        "y": 0.24305500000000002
      }, 
      "c_67106": {
        "x": 55.155, 
        "y": 20.806
      }, 
      "c_67108": {
        "x": 0.24305500000000002, 
        "y": 3.41455
      }, 
      "c_67110": {
        "x": 50.67, 
        "y": 6.2365
      }, 
      "c_67113": {
        "x": 19.997, 
        "y": 32.554
      }, 
      "c_67116": {
        "x": 54.074999999999996, 
        "y": 7.2755
      }, 
      "c_67118": {
        "x": 1.3567, 
        "y": 18.102
      }, 
      "c_67120": {
        "x": 36.629, 
        "y": 33.2355
      }, 
      "c_67124": {
        "x": 44.573499999999996, 
        "y": 23.463500000000003
      }, 
      "c_67127": {
        "x": 4.6009, 
        "y": 33.4645
      }, 
      "c_72888": {
        "x": 7.048, 
        "y": 29.236
      }, 
      "c_72889": {
        "x": 7.725499999999999, 
        "y": 29.6785
      }, 
      "c_72905": {
        "x": 3.8657999999999997, 
        "y": 15.355
      }, 
      "c_72906": {
        "x": 4.60945, 
        "y": 16.103
      }, 
      "c_72917": {
        "x": 18.4665, 
        "y": 28.2075
      }, 
      "c_72918": {
        "x": 19.2595, 
        "y": 27.9465
      }, 
      "c_72931": {
        "x": 4.3863, 
        "y": 6.2775
      }, 
      "c_72932": {
        "x": 3.9247500000000004, 
        "y": 6.861000000000001
      }, 
      "c_72946": {
        "x": 18.209500000000002, 
        "y": 4.8877500000000005
      }, 
      "c_72947": {
        "x": 17.502, 
        "y": 4.5176
      }, 
      "c_80002": {
        "x": 52.565, 
        "y": 13.869499999999999
      }, 
      "var_86622": {
        "x": 14.3655, 
        "y": 17.761499999999998
      }, 
      "var_86623": {
        "x": 50.919999999999995, 
        "y": 14.3285
      }, 
      "var_86712": {
        "x": 8.6875, 
        "y": 18.6875
      }, 
      "var_86724": {
        "x": 9.993, 
        "y": 20.393500000000003
      }, 
      "var_86817": {
        "x": 28.350499999999997, 
        "y": 19.637500000000003
      }, 
      "var_86818": {
        "x": 35.598, 
        "y": 31.342
      }, 
      "var_86819": {
        "x": 32.567499999999995, 
        "y": 25.97
      }, 
      "var_86820": {
        "x": 43.5025, 
        "y": 21.826
      }, 
      "var_86821": {
        "x": 40.306, 
        "y": 17.8125
      }, 
      "var_86822": {
        "x": 6.009, 
        "y": 31.451500000000003
      }, 
      "var_86823": {
        "x": 9.221, 
        "y": 26.7055
      }, 
      "var_86824": {
        "x": 51.01, 
        "y": 8.355
      }, 
      "var_86825": {
        "x": 12.8385, 
        "y": 23.7945
      }, 
      "var_86826": {
        "x": 19.4435, 
        "y": 30.293999999999997
      }, 
      "var_86827": {
        "x": 17.928, 
        "y": 25.177999999999997
      }, 
      "var_86828": {
        "x": 53.87, 
        "y": 9.206
      }, 
      "var_86829": {
        "x": 15.3395, 
        "y": 19.875
      }, 
      "var_86830": {
        "x": 2.2373499999999997, 
        "y": 16.445
      }, 
      "var_86831": {
        "x": 6.915, 
        "y": 15.289
      }, 
      "var_86832": {
        "x": 50.685, 
        "y": 18.8615
      }, 
      "var_86833": {
        "x": 11.796500000000002, 
        "y": 12.554499999999999
      }, 
      "var_86834": {
        "x": 18.7345, 
        "y": 2.4975
      }, 
      "var_86835": {
        "x": 16.495, 
        "y": 7.558
      }, 
      "var_86836": {
        "x": 54.61, 
        "y": 18.8595
      }, 
      "var_86837": {
        "x": 11.7665, 
        "y": 5.753500000000001
      }, 
      "var_86838": {
        "x": 2.2003500000000003, 
        "y": 5.017
      }, 
      "var_86839": {
        "x": 6.8325000000000005, 
        "y": 8.648
      }, 
      "var_86840": {
        "x": 57.325, 
        "y": 13.305
      }, 
      "var_86841": {
        "x": 7.7, 
        "y": 3.4064499999999995
      }
    }
  }, 
  "tutorial": "04"
}