
{
  "id": "p_000105_00002010",
  "tutorial": "2",
  "layout": {
    "vars": {
      "var_37459":{"x":13.308,"y":19.242},
      "var_38182":{"x":69.577,"y":11.143},
      "c_38864":{"x":35.531,"y":11.724},
      "c_190319":{"x":20.176,"y":46.544},
      "var_37516":{"x":14.194,"y":39.203},
      "var_37517":{"x":16.714,"y":40.12},
      "var_37519":{"x":25.679,"y":44.834},
      "var_37452":{"x":73.997,"y":0.51062},
      "c_107825":{"x":74.135,"y":35.363},
      "c_123705":{"x":48.032,"y":51.561},
      "c_190446":{"x":15.351,"y":39.62},
      "c_123708":{"x":59.903,"y":50.426},
      "c_212093":{"x":1.1876,"y":19.299},
      "c_194802":{"x":71.293,"y":7.6032},
      "c_191142":{"x":22.618,"y":44.169},
      "c_26287":{"x":80.769,"y":5.2399},
      "c_212902":{"x":55.647,"y":47.75},
      "c_195356":{"x":72.587,"y":5.2253},
      "c_191148":{"x":25.263,"y":39.698},
      "var_37710":{"x":78.628,"y":4.1384},
      "c_13249":{"x":22.287,"y":47.964},
      "c_38654":{"x":54.113,"y":46.864},
      "c_196224":{"x":74.956,"y":34.384},
      "c_10816":{"x":60.793,"y":29.304},
      "c_212988":{"x":3.9601,"y":19.36},
      "c_157455":{"x":18.759,"y":41.965},
      "var_38517":{"x":8.8699,"y":8.0533},
      "var_38516":{"x":9.7064,"y":5.522},
      "var_38511":{"x":4.9123,"y":11.714},
      "var_38510":{"x":3.0487,"y":12.55},
      "c_191479":{"x":27.003,"y":36.227},
      "c_212263":{"x":3.7796,"y":11.964},
      "c_200333":{"x":23.005,"y":47.15},
      "c_26207":{"x":4.53,"y":7.5191},
      "c_189271":{"x":6.0709,"y":7.7644},
      "c_189228":{"x":57.65,"y":64.84},
      "c_129869":{"x":6.9779,"y":17.917},
      "c_126005":{"x":18.63,"y":47.309},
      "var_37696":{"x":66.855,"y":12.786},
      "c_130114":{"x":28.306,"y":47.133},
      "c_35754":{"x":74.114,"y":1.8151},
      "c_123716":{"x":61.06,"y":58.69},
      "c_35517":{"x":73.138,"y":0.097222},
      "c_191243":{"x":15.508,"y":21.698},
      "c_26193":{"x":68.921,"y":12.947},
      "c_26192":{"x":68.591,"y":12.9},
      "c_30400":{"x":54.187,"y":49.796},
      "c_112658":{"x":69.52,"y":15.406},
      "c_107690":{"x":11.018,"y":17.781},
      "c_191439":{"x":71.034,"y":35.514},
      "c_229984":{"x":31.907,"y":28.099},
      "c_39264":{"x":57.481,"y":62.708},
      "c_212217":{"x":9.6587,"y":6.8531},
      "var_37522":{"x":21.292,"y":45.448},
      "c_122863":{"x":70.172,"y":9.8979},
      "c_123789":{"x":9.9581,"y":4.6174},
      "c_189134":{"x":75.129,"y":3.4948},
      "c_15244":{"x":35.521,"y":8.334},
      "var_38508":{"x":32.312,"y":52.078},
      "c_157541":{"x":35.834,"y":11.678},
      "var_38507":{"x":33.141,"y":54.409},
      "var_38504":{"x":57.975,"y":46.215},
      "c_123782":{"x":0.097222,"y":20.324},
      "c_38468":{"x":23.466,"y":44.549},
      "var_38503":{"x":60.782,"y":46.775},
      "c_16589":{"x":14.215,"y":14.709},
      "c_136275":{"x":58.813,"y":61.921},
      "var_40128":{"x":4.9717,"y":7.2366},
      "c_140584":{"x":68.539,"y":34.087},
      "c_194961":{"x":58.421,"y":30.521},
      "c_107863":{"x":56.637,"y":34.631},
      "c_128623":{"x":27.445,"y":33.367},
      "var_40122":{"x":54.138,"y":51.134},
      "c_126010":{"x":8.6133,"y":22.011},
      "c_73887":{"x":39.879,"y":49.656},
      "var_40126":{"x":1.0601,"y":23.706},
      "var_37471":{"x":73.865,"y":34.449},
      "var_40124":{"x":56.894,"y":66.681},
      "c_66235":{"x":45.666,"y":48.577},
      "c_191340":{"x":34.748,"y":18.611},
      "c_100509":{"x":21.245,"y":32.096},
      "var_38489":{"x":60.277,"y":58.824},
      "c_195387":{"x":75.588,"y":3.2521},
      "c_40508":{"x":4.0262,"y":20.466},
      "c_213074":{"x":33.908,"y":49.879},
      "c_200357":{"x":14.414,"y":15.631},
      "var_38484":{"x":29.755,"y":52.527},
      "var_38483":{"x":30.814,"y":49.542},
      "c_130043":{"x":8.2148,"y":13.832},
      "var_38481":{"x":7.5092,"y":11.282},
      "var_38480":{"x":3.2055,"y":21.615},
      "var_37466":{"x":35.534,"y":10.112},
      "c_153002":{"x":46.342,"y":28.022},
      "c_107881":{"x":34.967,"y":12.877},
      "var_37194":{"x":73.895,"y":3.4253},
      "c_211940":{"x":6.1593,"y":11.468},
      "c_213089":{"x":48.408,"y":49.433},
      "c_26288":{"x":79.876,"y":6.1331},
      "var_37460":{"x":13.929,"y":16.364},
      "var_37461":{"x":20.246,"y":40.875},
      "var_37462":{"x":17.28,"y":42.641},
      "var_37463":{"x":24.139,"y":42.841},
      "var_37464":{"x":23.074,"y":46.173},
      "var_37465":{"x":35.81,"y":13.496},
      "c_126021":{"x":13.73,"y":38.44},
      "var_37467":{"x":57.292,"y":30.927},
      "var_37468":{"x":59.419,"y":29.822},
      "c_125976":{"x":14.887,"y":24.793},
      "var_40130":{"x":29.032,"y":55.648},
      "c_179643":{"x":4.2732,"y":20.678},
      "var_38155":{"x":21.576,"y":49.441},
      "var_38154":{"x":14.504,"y":44.104},
      "c_125979":{"x":50.17,"y":25.752},
      "var_38156":{"x":35.427,"y":6.8115},
      "var_38494":{"x":48.233,"y":50.662},
      "var_38495":{"x":48.601,"y":48.034},
      "var_38496":{"x":37.713,"y":52.882},
      "var_38497":{"x":36.961,"y":50.189},
      "var_38498":{"x":42.777,"y":49.162},
      "c_191072":{"x":59.228,"y":27.892},
      "c_213065":{"x":31.645,"y":50.801},
      "var_38159":{"x":78.712,"y":35.35},
      "c_112537":{"x":69.474,"y":14.695},
      "c_157485":{"x":13.476,"y":17.705},
      "var_38490":{"x":58.061,"y":57.912},
      "c_108567":{"x":19.877,"y":26.753},
      "c_212891":{"x":56.269,"y":45.874},
      "c_191598":{"x":19.02,"y":34.562},
      "c_189116":{"x":29.325,"y":53.195},
      "c_11080":{"x":56.913,"y":65.351},
      "var_38157":{"x":61.956,"y":28.856},
      "c_191112":{"x":20.303,"y":37.875},
      "c_14294":{"x":5.7224,"y":8.075},
      "var_38525":{"x":0.40957,"y":19.71},
      "var_38526":{"x":2.3706,"y":19.209},
      "var_38520":{"x":59.607,"y":62.143},
      "c_191551":{"x":63.347,"y":33.61},
      "c_157569":{"x":23.759,"y":44.642},
      "c_97854":{"x":64.588,"y":33.138},
      "var_38183":{"x":71.564,"y":7.0774},
      "var_38153":{"x":14.352,"y":13.327},
      "c_75278":{"x":57.428,"y":55.716},
      "c_179741":{"x":30.055,"y":51.071},
      "c_200719":{"x":59.88,"y":29.258},
      "c_18084":{"x":15.718,"y":43.461},
      "c_125602":{"x":71.643,"y":0.46052},
      "c_211938":{"x":32.923,"y":53.168},
      "c_40444":{"x":18.6,"y":41.698},
      "c_125861":{"x":71.605,"y":16.345},
      "var_37301":{"x":72.693,"y":0.69608},
      "var_38491":{"x":57.25,"y":53.902},
      "c_25283":{"x":54.007,"y":52.12},
      "c_125983":{"x":16.973,"y":33.943},
      "c_191075":{"x":53.654,"y":29.83},
      "c_125985":{"x":33.583,"y":17.194},
      "var_37275":{"x":68.191,"y":14.761},
      "c_125989":{"x":28.336,"y":35.636},
      "c_191102":{"x":18.423,"y":40.436},
      "c_205482":{"x":28.873,"y":56.658},
      "c_191079":{"x":59.84,"y":31.874},
      "c_24911":{"x":56.538,"y":67.384},
      "c_189209":{"x":53.845,"y":48.892},
      "c_213345":{"x":37.38,"y":51.611},
      "c_107533":{"x":25.015,"y":43.848},
      "c_157419":{"x":74.93,"y":34.001},
      "c_163864":{"x":35.4,"y":5.7224},
      "c_103188":{"x":73.273,"y":1.9571},
      "var_37540":{"x":74.718,"y":36.084},
      "c_200311":{"x":35.27,"y":9.1553},
      "c_213325":{"x":59.487,"y":46.481},
      "var_37528":{"x":8.7739,"y":16.414},
      "c_157332":{"x":58.25,"y":30.155},
      "var_37531":{"x":38.109,"y":11.63},
      "c_112862":{"x":67.457,"y":13.761},
      "c_213128":{"x":57.974,"y":50.353},
      "var_37521":{"x":19.246,"y":47.376},
      "c_191560":{"x":16.536,"y":24.355},
      "c_170654":{"x":14.574,"y":12.3},
      "var_37525":{"x":8.955,"y":21.323},
      "var_38176":{"x":79.84,"y":4.7852},
      "c_123470":{"x":79.466,"y":4.2655},
      "var_37472":{"x":76.285,"y":34.346},
      "c_125852":{"x":66.255,"y":12.113},
      "c_205385":{"x":78.616,"y":3.8123},
      "c_125854":{"x":81.985,"y":6.3721},
      "c_15693":{"x":29.358,"y":54.22},
      "c_126016":{"x":61.732,"y":21.782},
      "var_37499":{"x":35.38,"y":19.511},